<?xml version="1.0" encoding="UTF-8"?>
<!--
  Copyright (C) Red Hat, Inc.
  http://redhat.com

  Licensed under the Apache License, Version 2.0 (the "License");
  you may not use this file except in compliance with the License.
  You may obtain a copy of the License at

     http://www.apache.org/licenses/LICENSE-2.0

  Unless required by applicable law or agreed to in writing, software
  distributed under the License is distributed on an "AS IS" BASIS,
  WITHOUT WARRANTIES OR CONDITIONS OF ANY KIND, either express or implied.
  See the License for the specific language governing permissions and
  limitations under the License.
  -->
<features name="fabric-1.0.0.redhat-379"
          xmlns="http://karaf.apache.org/xmlns/features/v1.0.0">

    <repository>mvn:org.apache.cxf.karaf/apache-cxf/2.7.0.redhat-610379/xml/features</repository>
<!--
    CXF 3 version of JAXRS 2.0 client for fabric-docker-api
    <repository>mvn:org.apache.cxf.karaf/apache-cxf/${cxf-3-version}/xml/features</repository>
-->
    <repository>mvn:org.apache.camel.karaf/apache-camel/2.12.0.redhat-610379/xml/features</repository>
    <repository>mvn:org.apache.activemq/activemq-karaf/5.9.0.redhat-610379/xml/features-core</repository>
    <repository>mvn:org.apache.jclouds.karaf/jclouds-karaf/1.7.1/xml/features</repository>
    <repository>mvn:io.hawt/hawtio-karaf/1.2-redhat-379/xml/features</repository>
    <repository>mvn:org.apache.karaf.assemblies.features/standard/2.3.0.redhat-610379/xml/features</repository>
    <repository>mvn:org.apache.karaf.assemblies.features/spring/2.3.0.redhat-610379/xml/features</repository>
    <repository>mvn:org.apache.karaf.assemblies.features/enterprise/2.3.0.redhat-610379/xml/features</repository>

    <feature name="karaf" version="2.3.0.redhat-610379" resolver="(obr)">
        <!-- we need 1.2.9-SNAPSHOT as 1.2.8 does not advertise the ConfigurationAdmin service -->
        <bundle>mvn:org.apache.felix/org.apache.felix.configadmin/1.4.0.redhat-610379</bundle>

        <bundle>mvn:org.ops4j.pax.url/pax-url-mvn/1.3.7</bundle>
        <bundle>mvn:org.ops4j.pax.url/pax-url-wrap/1.3.7</bundle>

        <bundle>mvn:org.ops4j.pax.logging/pax-logging-api/1.7.2</bundle>
        <bundle>mvn:org.ops4j.pax.logging/pax-logging-service/1.7.2</bundle>

        <bundle>mvn:org.apache.felix/org.apache.felix.gogo.runtime/0.11.0.redhat-610379</bundle>
        <bundle>mvn:org.apache.karaf.shell/org.apache.karaf.shell.console/2.3.0.redhat-610379</bundle>
        <bundle>mvn:org.apache.karaf.shell/org.apache.karaf.shell.osgi/2.3.0.redhat-610379</bundle>
        <bundle>mvn:org.apache.karaf.shell/org.apache.karaf.shell.commands/2.3.0.redhat-610379</bundle>
        <bundle>mvn:org.apache.karaf.shell/org.apache.karaf.shell.dev/2.3.0.redhat-610379</bundle>
        <bundle>mvn:org.apache.karaf.shell/org.apache.karaf.shell.dev2/2.3.0.redhat-610379</bundle>
        <bundle>mvn:org.apache.karaf.shell/org.apache.karaf.shell.log/2.3.0.redhat-610379</bundle>
        <bundle>mvn:org.apache.karaf.shell/org.apache.karaf.shell.config/2.3.0.redhat-610379</bundle>
        <bundle>mvn:org.apache.karaf.shell/org.apache.karaf.shell.packages/2.3.0.redhat-610379</bundle>
        <bundle>mvn:org.apache.karaf.shell/org.apache.karaf.shell.ssh/2.3.0.redhat-610379</bundle>
        <bundle>mvn:org.apache.aries.blueprint/org.apache.aries.blueprint.api/1.0.1.redhat-610379</bundle>
        <bundle>mvn:org.apache.aries.blueprint/org.apache.aries.blueprint.core/1.0.1.redhat-610379</bundle>
        <bundle>mvn:org.apache.aries.blueprint/org.apache.aries.blueprint.cm/1.0.1.redhat-610379</bundle>

        <bundle>mvn:org.apache.aries/org.apache.aries.util/1.0.1.redhat-610379</bundle>
        <bundle>mvn:org.apache.aries.proxy/org.apache.aries.proxy.api/1.0.1.redhat-610379</bundle>
        <bundle>mvn:org.apache.aries.proxy/org.apache.aries.proxy.impl/1.0.1.redhat-610379</bundle>
        <bundle>mvn:org.ow2.asm/asm-all/4.1</bundle>
        <bundle>mvn:org.apache.aries.jmx/org.apache.aries.jmx.api/1.0.1.redhat-610379</bundle>
        <bundle>mvn:org.apache.aries.jmx/org.apache.aries.jmx.core/1.0.1.redhat-610379</bundle>
        <bundle>mvn:org.apache.aries.jmx/org.apache.aries.jmx.blueprint.api/1.0.1.redhat-610379</bundle>
        <bundle>mvn:org.apache.aries.jmx/org.apache.aries.jmx.blueprint.core/1.0.1.redhat-610379</bundle>
        <bundle dependency="true">mvn:org.apache.karaf.management/org.apache.karaf.management.server/2.3.0.redhat-610379</bundle>

        <bundle>mvn:org.bouncycastle/bcprov-jdk15on/1.49</bundle>
        <bundle>mvn:org.apache.sshd/sshd-core/0.9.0</bundle>
        <bundle>mvn:org.apache.mina/mina-core/2.0.7</bundle>

        <bundle>mvn:org.apache.karaf.jaas/org.apache.karaf.jaas.command/2.3.0.redhat-610379</bundle>
        <bundle>mvn:org.apache.karaf.jaas/org.apache.karaf.jaas.config/2.3.0.redhat-610379</bundle>
        <bundle>mvn:org.apache.karaf.jaas/org.apache.karaf.jaas.modules/2.3.0.redhat-610379</bundle>

        <bundle>mvn:org.apache.karaf.admin/org.apache.karaf.admin.core/2.3.0.redhat-610379</bundle>
        <bundle>mvn:org.apache.karaf.admin/org.apache.karaf.admin.management/2.3.0.redhat-610379</bundle>

        <bundle>mvn:io.fabric8/fabric-features-service/1.0.0.redhat-379</bundle>
        <bundle>mvn:org.apache.karaf.features/org.apache.karaf.features.command/2.3.0.redhat-610379</bundle>
        <bundle>mvn:org.apache.karaf.features/org.apache.karaf.features.management/2.3.0.redhat-610379</bundle>

        <!-- TODO: Either decouple diagonstic common from org.apache.karaf.features or provide a dummy FeatureServiceImpl.
             Till then we need to comment this out.-->
        <!--bundle>mvn:org.apache.karaf.diagnostic/org.apache.karaf.diagnostic.management/2.3.0.redhat-610379</bundle>
        <bundle>mvn:org.apache.karaf.diagnostic/org.apache.karaf.diagnostic.core/2.3.0.redhat-610379</bundle>
        <bundle>mvn:org.apache.karaf.diagnostic/org.apache.karaf.diagnostic.command/2.3.0.redhat-610379</bundle>
        <bundle>mvn:org.apache.karaf.diagnostic/org.apache.karaf.diagnostic.common/2.3.0.redhat-610379</bundle-->

        <bundle>mvn:org.apache.felix/org.apache.felix.fileinstall/3.3.11.redhat-610379</bundle>
        <bundle>mvn:org.apache.karaf.deployer/org.apache.karaf.deployer.blueprint/2.3.0.redhat-610379</bundle>
        <bundle>mvn:org.apache.karaf.deployer/org.apache.karaf.deployer.spring/2.3.0.redhat-610379</bundle>
        <bundle>mvn:org.apache.karaf.deployer/org.apache.karaf.deployer.wrap/2.3.0.redhat-610379</bundle>
    </feature>

    <feature name="fabric-bundle" version="1.0.0.redhat-379" resolver="(obr)">
        <bundle>mvn:io.fabric8/common-util/1.0.0.redhat-379</bundle>
        <bundle>mvn:io.fabric8.fab/fab-osgi/1.0.0.redhat-379</bundle>
        <bundle>mvn:org.ops4j.base/ops4j-base-net/1.4.0</bundle>
        <bundle>mvn:org.ops4j.base/ops4j-base-lang/1.4.0</bundle>
        <bundle>mvn:org.ops4j.base/ops4j-base-monitors/1.4.0</bundle>
        <bundle>mvn:org.ops4j.base/ops4j-base-util-property/1.4.0</bundle>
        <bundle>mvn:org.ops4j.pax.swissbox/pax-swissbox-optional-jcl/1.6.0</bundle>
        <bundle>mvn:org.ops4j.pax.swissbox/pax-swissbox-property/1.6.0</bundle>
    </feature>

    <feature name="process-manager" version="1.0.0.redhat-379" resolver="(obr)">
        <feature>fabric-bundle</feature>
        <bundle>mvn:io.fabric8/process-manager/1.0.0.redhat-379</bundle>
        <bundle>mvn:org.ops4j.base/ops4j-base-net/1.4.0</bundle>
        <bundle>mvn:org.ops4j.base/ops4j-base-lang/1.4.0</bundle>
        <bundle>mvn:org.ops4j.base/ops4j-base-monitors/1.4.0</bundle>
        <bundle>mvn:org.ops4j.base/ops4j-base-util-property/1.4.0</bundle>
        <bundle>mvn:org.ops4j.pax.swissbox/pax-swissbox-optional-jcl/1.6.0</bundle>
        <bundle>mvn:org.ops4j.pax.swissbox/pax-swissbox-property/1.6.0</bundle>
        <bundle>mvn:com.google.guava/guava/15.0</bundle>
    </feature>

    <feature name="process-fabric" version="1.0.0.redhat-379" resolver="(obr)">
        <feature>process-manager</feature>
        <feature>camel-mvel</feature>
        <bundle>mvn:io.fabric8/process-fabric/1.0.0.redhat-379</bundle>
    </feature>

    <feature name="fabric-zookeeper" version="1.0.0.redhat-379" resolver="(obr)">
        <feature>scr</feature>
        <bundle>mvn:org.apache.servicemix.bundles/org.apache.servicemix.bundles.jasypt/1.9.1_1</bundle>
        <bundle>mvn:commons-codec/commons-codec/1.6</bundle>
        <bundle>mvn:commons-lang/commons-lang/2.6</bundle>
        <bundle>mvn:com.google.guava/guava/15.0</bundle>
        <bundle>mvn:io.fabric8/fabric-zookeeper/1.0.0.redhat-379</bundle>
        <bundle dependency="true">mvn:org.codehaus.jackson/jackson-core-asl/1.9.12</bundle>
        <bundle dependency="true">mvn:org.codehaus.jackson/jackson-mapper-asl/1.9.12</bundle>
    </feature>

    <feature name="fabric-configadmin" version="1.0.0.redhat-379" resolver="(obr)">
        <feature>fabric-zookeeper</feature>
        <bundle>mvn:io.fabric8/fabric-api/1.0.0.redhat-379</bundle>
        <bundle>mvn:io.fabric8/fabric-configadmin/1.0.0.redhat-379</bundle>
    </feature>

    <feature name="fabric-agent" version="1.0.0.redhat-379" resolver="(obr)">
        <!-- Currently not supported and thus commented out -->
        <!--feature version="1.0.0.redhat-379">fabric-bundle</feature-->
        <feature version="1.0.0.redhat-379">fabric-core</feature>
        <feature version="1.0.0.redhat-379">fabric-zookeeper</feature>
        <feature version="1.0.0.redhat-379">fabric-configadmin</feature>
<!--
        <feature version="1.0.0.redhat-379">insight-graph</feature>
-->
        <bundle>mvn:io.fabric8/fabric-agent/1.0.0.redhat-379</bundle>
        <bundle>mvn:io.fabric8/fabric-extender-listener/1.0.0.redhat-379</bundle>
    </feature>

    <feature name="fabric-agent-commands" version="1.0.0.redhat-379" resolver="(obr)">
        <feature version="1.0.0.redhat-379">fabric-agent</feature>
        <bundle dependency="true">mvn:org.ops4j.pax.url/pax-url-mvn/1.3.7</bundle>
        <bundle dependency="true">mvn:org.ops4j.pax.url/pax-url-wrap/1.3.7</bundle>
        <bundle>mvn:io.fabric8/fabric-agent-commands/1.0.0.redhat-379</bundle>
    </feature>

    <feature name="fabric-project-deployer" version="1.0.0.redhat-379" resolver="(obr)">
        <feature version="1.0.0.redhat-379">fabric-agent</feature>
        <bundle dependency="true">mvn:org.ops4j.pax.url/pax-url-mvn/1.3.7</bundle>
        <bundle dependency="true">mvn:org.ops4j.pax.url/pax-url-wrap/1.3.7</bundle>
        <bundle>mvn:io.fabric8/fabric-project-deployer/1.0.0.redhat-379</bundle>
    </feature>

    <feature name="fabric-web" version="1.0.0.redhat-379" resolver="(obr)">
        <feature version="2.3.0.redhat-610379">http</feature>
        <bundle>mvn:io.fabric8/fabric-web/1.0.0.redhat-379</bundle>
    </feature>

    <feature name="fabric-maven-proxy" version="1.0.0.redhat-379" resolver="(obr)">
        <feature version="2.3.0.redhat-610379">http</feature>
        <bundle>mvn:io.fabric8/fabric-maven-proxy/1.0.0.redhat-379</bundle>
    </feature>

    <feature name="fabric" version="1.0.0.redhat-379" resolver="(obr)">
        <feature version="1.0.0.redhat-379">fabric-core</feature>
        <feature version="1.0.0.redhat-379">fabric-jaas</feature>
        <feature version="1.0.0.redhat-379">fabric-git-server</feature>
        <feature version="1.0.0.redhat-379">fabric-boot-commands</feature>
        <feature version="1.0.0.redhat-379">fabric-redirect</feature>
        <feature version="1.0.0.redhat-379">fabric-commands</feature>
        <feature version="1.0.0.redhat-379">fabric-agent</feature>
    </feature>

    <feature name="fabric-core" version="1.0.0.redhat-379" resolver="(obr)">
        <feature>scr</feature>
        <bundle>mvn:io.fabric8/fabric-api/1.0.0.redhat-379</bundle>
        <feature version="1.0.0.redhat-379">fabric-git</feature>
        <feature version="1.0.0.redhat-379">fabric-zookeeper</feature>
        <bundle dependency="true">mvn:org.apache.servicemix.bundles/org.apache.servicemix.bundles.jsch/0.1.49_1</bundle>
        <bundle dependency="true">mvn:commons-collections/commons-collections/3.2.1</bundle>
        <bundle dependency="true">mvn:commons-beanutils/commons-beanutils/1.8.3</bundle>
        <bundle>mvn:org.fusesource.insight/insight-log/1.0.0.redhat-379</bundle>
        <bundle>mvn:io.fabric8/fabric-core/1.0.0.redhat-379</bundle>
    </feature>

    <feature name="fabric-boot-commands" version="1.0.0.redhat-379" resolver="(obr)">
        <feature version="1.0.0.redhat-379">fabric-zookeeper</feature>
        <bundle dependency="true">mvn:org.apache.servicemix.bundles/org.apache.servicemix.bundles.jsch/0.1.49_1</bundle>
        <bundle dependency="true">mvn:com.weiglewilczek.scala-lang-osgi/scala-library/2.9.1</bundle>
        <bundle dependency="true">mvn:org.codehaus.jackson/jackson-core-asl/1.9.12</bundle>
        <bundle dependency="true">mvn:org.codehaus.jackson/jackson-mapper-asl/1.9.12</bundle>
        <feature version="1.0.0.redhat-379">fabric-core</feature>
        <bundle>mvn:io.fabric8/fabric-boot-commands/1.0.0.redhat-379</bundle>
    </feature>

    <feature name="fabric-commands" version="1.0.0.redhat-379" resolver="(obr)">
        <feature version="1.0.0.redhat-379">fabric-boot-commands</feature>
        <bundle>mvn:io.fabric8/fabric-commands/1.0.0.redhat-379</bundle>
    </feature>

    <feature name="fabric-zookeeper-commands" version="1.0.0.redhat-379" resolver="(obr)">
        <feature version="1.0.0.redhat-379">fabric-commands</feature>
        <bundle>mvn:io.fabric8/fabric-zookeeper-commands/1.0.0.redhat-379</bundle>
    </feature>

    <feature name="fabric-dosgi" version="1.0.0.redhat-379" resolver="(obr)">
        <bundle>mvn:com.weiglewilczek.scala-lang-osgi/scala-library/2.9.1</bundle>
        <feature>fabric-zookeeper</feature>
        <bundle dependency="true">mvn:org.fusesource.hawtdispatch/hawtdispatch/1.19</bundle>
        <bundle dependency="true">mvn:org.fusesource.hawtbuf/hawtbuf/1.9</bundle>
        <bundle>mvn:io.fabric8/fabric-dosgi/1.0.0.redhat-379</bundle>
    </feature>

    <feature name="fabric-camel" version="1.0.0.redhat-379" resolver="(obr)">
        <feature version="[2.12,3)">camel</feature>
        <feature>spring-dm</feature>
        <feature>fabric-groups</feature>
        <bundle>mvn:io.fabric8/fabric-camel/1.0.0.redhat-379</bundle>
    </feature>

    <feature name="fabric-camel-autotest" version="1.0.0.redhat-379" resolver="(obr)">
        <feature version="[2.12,3)">camel</feature>
        <feature>fabric-groups</feature>
        <bundle>mvn:io.fabric8/fabric-camel-autotest/1.0.0.redhat-379</bundle>
    </feature>

    <feature name="fabric-cxf" version="1.0.0.redhat-379" resolver="(obr)">
        <feature version="[2.4,3.0)">cxf</feature>
        <feature>fabric-groups</feature>
        <bundle>mvn:io.fabric8/fabric-cxf/1.0.0.redhat-379</bundle>
    </feature>

    <feature name="fabric-cxf-registry" version="1.0.0.redhat-379" resolver="(obr)">
        <feature>fabric-core</feature>
        <bundle>mvn:io.fabric8/fabric-cxf-registry/1.0.0.redhat-379</bundle>
        <bundle>mvn:com.fasterxml.jackson.core/jackson-annotations/2.3.0</bundle>
        <bundle>mvn:com.fasterxml.jackson.core/jackson-core/2.3.1</bundle>
        <bundle>mvn:com.fasterxml.jackson.core/jackson-databind/2.3.1</bundle>
        <bundle>mvn:com.fasterxml.jackson.module/jackson-module-jaxb-annotations/2.3.1</bundle>
        <bundle>mvn:javax.validation/validation-api/1.1.0.Final</bundle>
    </feature>

    <feature name="mq-fabric" version="6.1.0.redhat-379" resolver="(obr)" description="A-MQ broker">
        <feature version="1.0.0.redhat-379">fabric-groups</feature>
<!--
        <feature version="2.3.0.redhat-610379">spring</feature>
-->
        <feature version="5.9.0.redhat-610379">activemq</feature>
        <bundle dependency="true">mvn:com.weiglewilczek.scala-lang-osgi/scala-library/2.9.1</bundle>
        <bundle>mvn:io.fabric8/common-util/1.0.0.redhat-379</bundle>
        <bundle>mvn:org.fusesource.insight/insight-log/1.0.0.redhat-379</bundle>
        <bundle>mvn:org.apache.xbean/xbean-classloader/3.15</bundle>
        <bundle>mvn:org.jboss.amq/mq-fabric/6.1.0.redhat-379</bundle>
    </feature>

    <feature name="mq-fabric-http-discovery" version="6.1.0.redhat-379" resolver="(obr)">
        <feature version="1.0.0.redhat-379">fabric-groups</feature>
        <feature version="[2,3)">war</feature>
        <bundle>mvn:org.jboss.amq/mq-http-discovery/6.1.0.redhat-379</bundle>
    </feature>

    <feature name="mq-fabric-camel" version="6.1.0.redhat-379" resolver="(obr)">
        <feature version="6.1.0.redhat-379">mq-fabric</feature>
        <feature version="5.9.0.redhat-610379">activemq-client</feature>
        <feature version="[2.12,3)">camel-jms</feature>
        <feature version="[2.12,3)">camel</feature>
        <bundle>mvn:org.apache.activemq/activemq-camel/5.9.0.redhat-610379</bundle>
        <bundle>mvn:org.jboss.amq/mq-fabric-camel/6.1.0.redhat-379</bundle>
    </feature>

    <feature name="fabric-groups" version="1.0.0.redhat-379" resolver="(obr)">
        <feature version="1.0.0.redhat-379">fabric-zookeeper</feature>
        <bundle dependency="true">mvn:com.weiglewilczek.scala-lang-osgi/scala-library/2.9.1</bundle>
        <bundle>mvn:io.fabric8/fabric-groups/1.0.0.redhat-379</bundle>
    </feature>

    <feature name="fabric-jaas" version="1.0.0.redhat-379" resolver="(obr)">
        <feature version="1.0.0.redhat-379">fabric-zookeeper</feature>
        <bundle dependency='true'>mvn:commons-codec/commons-codec/1.6</bundle>
        <bundle dependency='true'>mvn:commons-lang/commons-lang/2.6</bundle>
        <bundle dependency='true'>mvn:org.apache.servicemix.bundles/org.apache.servicemix.bundles.jasypt/1.9.1_1</bundle>
        <bundle>mvn:io.fabric8/fabric-jaas/1.0.0.redhat-379</bundle>
    </feature>


    <feature name="fabric-ssh" version="1.0.0.redhat-379" resolver="(obr)">
        <bundle dependency="true">mvn:org.apache.servicemix.bundles/org.apache.servicemix.bundles.jsch/0.1.49_1</bundle>
        <bundle>mvn:io.fabric8/fabric-core-agent-ssh/1.0.0.redhat-379</bundle>
    </feature>

    <feature name="fabric-jclouds" version="1.0.0.redhat-379" resolver="(obr)">
        <bundle dependency='true'>mvn:org.apache.servicemix.specs/org.apache.servicemix.specs.activation-api-1.1/2.3.0.redhat-610379</bundle>
        <feature version='1.7.1'>jclouds-commands</feature>
        <feature version='1.7.1'>jclouds-api-ec2</feature>
        <bundle>mvn:io.fabric8/fabric-core-agent-jclouds/1.0.0.redhat-379</bundle>
    </feature>

    <feature name="fabric-zeroconf" version="1.0.0.redhat-379" resolver="(obr)">
        <feature version="1.0.0.redhat-379">fabric-core</feature>
        <feature version="1.0.0.redhat-379">fabric-configadmin</feature>
        <bundle>mvn:io.fabric8/fabric-zeroconf/1.0.0.redhat-379</bundle>
    </feature>

<!-- this has moved to sandbox
    <feature name='fabric-bridge' version='1.0.0.redhat-379' resolver="(obr)">
        <bundle>mvn:org.springframework/spring-core/3.2.8.RELEASE</bundle>
        <bundle>mvn:org.springframework/spring-beans/3.2.8.RELEASE</bundle>
        <bundle>mvn:org.springframework/spring-context/3.2.8.RELEASE</bundle>
        <bundle>mvn:org.springframework/spring-tx/3.2.8.RELEASE</bundle>
        <bundle>mvn:org.springframework/spring-jms/3.2.8.RELEASE</bundle>
        <bundle>mvn:org.apache.commons/commons-lang3/3.0.1</bundle>
        <bundle>mvn:org.apache.servicemix.bundles/org.apache.servicemix.bundles.commons-pool/1.5.4_3</bundle>
        <feature version="5.9.0.redhat-610379">activemq-broker</feature>
        <bundle>mvn:io.fabric8.bridge/fabric-bridge/1.0.0.redhat-379</bundle>
    </feature>

    <feature name='fabric-bridge-zookeeper' version='1.0.0.redhat-379'>
        <feature version="1.0.0.redhat-379">fabric-core</feature>
        <feature version="1.0.0.redhat-379">fabric-configadmin</feature>
        <feature version='1.0.0.redhat-379'>fabric-bridge</feature>
        <bundle>mvn:io.fabric8.bridge/fabric-bridge-zookeeper/1.0.0.redhat-379</bundle>
    </feature>
-->

    <feature name="insight-metrics" version="1.0.0.redhat-379" resolver="(obr)">
        <feature version="1.0.0.redhat-379">insight-elasticsearch</feature>
        <bundle dependency="true">mvn:org.mvel/mvel2/2.1.7.Final</bundle>
        <bundle dependency="true">mvn:org.codehaus.jackson/jackson-core-asl/1.9.12</bundle>
        <bundle dependency="true">mvn:org.codehaus.jackson/jackson-mapper-asl/1.9.12</bundle>
        <bundle>mvn:org.fusesource.insight/insight-metrics/1.0.0.redhat-379</bundle>
    </feature>

    <feature name="insight-elasticsearch" version="1.0.0.redhat-379" resolver="(obr)">
        <config name="org.fusesource.insight.elasticsearch-default">
            #
            # Copyright (C) Red Hat, Inc.
            # http://redhat.com
            #
            # Licensed under the Apache License, Version 2.0 (the "License");
            # you may not use this file except in compliance with the License.
            # You may obtain a copy of the License at
            #
            # http://www.apache.org/licenses/LICENSE-2.0
            #
            # Unless required by applicable law or agreed to in writing, software
            # distributed under the License is distributed on an "AS IS" BASIS,
            # WITHOUT WARRANTIES OR CONDITIONS OF ANY KIND, either express or implied.
            # See the License for the specific language governing permissions and
            # limitations under the License.
            #

            node.data=true
            jmx.domain=org.elasticsearch
            http.enabled=true
            threadpool.cached.scheduled_size=6
            #discovery.type=org.elasticsearch.discovery.org.apache.zookeeper.ZooKeeperDiscoveryModule
            discovery.zen.ping.multicast.enabled=false
            discovery.zen.ping.unicast.hosts=localhost
        </config>
        <feature>fabric-zookeeper</feature>
        <feature>fabric-groups</feature>
        <bundle>mvn:org.fusesource.insight/insight-storage/1.0.0.redhat-379</bundle>
        <bundle>mvn:org.fusesource.insight/insight-elasticsearch/1.0.0.redhat-379</bundle>
        <bundle>mvn:com.google.guava/guava/15.0</bundle>
    </feature>

    <feature name="insight-kibana" version="1.0.0.redhat-379" resolver="(obr)">
        <feature>war</feature>
        <feature>insight-elasticsearch</feature>
        <bundle>mvn:org.fusesource.insight/insight-kibana3/1.0.0.redhat-379</bundle>
    </feature>

    <feature name="insight-eshead" version="1.0.0.redhat-379" resolver="(obr)">
        <feature>war</feature>
        <feature>insight-elasticsearch</feature>
        <bundle>mvn:org.fusesource.insight/insight-eshead/1.0.0.redhat-379</bundle>
    </feature>

    <feature name="insight-log-storage" version="1.0.0.redhat-379" resolver="(obr)">
        <config name="org.fusesource.insight.log.storage">
            #
            # Copyright (C) Red Hat, Inc.
            # http://redhat.com
            #
            # Licensed under the Apache License, Version 2.0 (the "License");
            # you may not use this file except in compliance with the License.
            # You may obtain a copy of the License at
            #
            # http://www.apache.org/licenses/LICENSE-2.0
            #
            # Unless required by applicable law or agreed to in writing, software
            # distributed under the License is distributed on an "AS IS" BASIS,
            # WITHOUT WARRANTIES OR CONDITIONS OF ANY KIND, either express or implied.
            # See the License for the specific language governing permissions and
            # limitations under the License.
            #

            es.log.index=insight
            es.log.type=log
            es.evt.index=insight
            es.evt.type=evt
        </config>
        <feature>eventadmin</feature>
        <feature>insight-elasticsearch</feature>
        <bundle>mvn:org.fusesource.insight/insight-log-storage/1.0.0.redhat-379</bundle>
    </feature>

    <feature name="insight-camel" version="1.0.0.redhat-379" resolver="(obr)">
        <feature version="[2.12,3)">camel</feature>
        <feature>insight-elasticsearch</feature>
        <bundle dependency="true">mvn:org.mvel/mvel2/2.1.7.Final</bundle>
        <bundle>mvn:org.fusesource.insight/insight-camel/1.0.0.redhat-379</bundle>
    </feature>

    <feature name="fabric-hadoop" version="1.0.0.redhat-379" resolver="(obr)">
        <config name="io.fabric8.hadoop">
            #
            # Copyright (C) Red Hat, Inc.
            # http://redhat.com
            #
            # Licensed under the Apache License, Version 2.0 (the "License");
            # you may not use this file except in compliance with the License.
            # You may obtain a copy of the License at
            #
            #    http://www.apache.org/licenses/LICENSE-2.0
            #
            # Unless required by applicable law or agreed to in writing, software
            # distributed under the License is distributed on an "AS IS" BASIS,
            # WITHOUT WARRANTIES OR CONDITIONS OF ANY KIND, either express or implied.
            # See the License for the specific language governing permissions and
            # limitations under the License.
            #

            fs.default.name=hdfs\://localhost\:9000
            dfs.replication=1
            mapred.job.tracker=localhost\:9001
            dfs.name.dir=${karaf.data}/hadoop/dfs/name
            dfs.http.address=localhost\:9002
            dfs.data.dir=${karaf.data}/hadoop/dfs/data
            dfs.name.edits.dir=${karaf.data}/hadoop/dfs/name
            #dataNode = true
            #nameNode = true
        </config>
        <bundle dependency='true'>mvn:commons-codec/commons-codec/1.6</bundle>
        <bundle dependency='true'>mvn:commons-cli/commons-cli/1.2</bundle>
        <bundle dependency='true'>mvn:commons-codec/commons-codec/1.6</bundle>
        <bundle dependency='true'>mvn:commons-lang/commons-lang/2.6</bundle>
        <bundle dependency='true'>wrap:mvn:commons-configuration/commons-configuration/1.8$Import-Package=*;resolution:=optional&amp;Export-Package=org.apache.commons.configuration*;version=1.8;-noimport:=true&amp;overwrite=merge</bundle>
        <bundle dependency='true'>mvn:org.apache.servicemix.bundles/org.apache.servicemix.bundles.jsch/0.1.49_1</bundle>
        <bundle dependency='true'>mvn:org.apache.geronimo.specs/geronimo-servlet_2.5_spec/1.2</bundle>
        <bundle dependency='true'>mvn:org.apache.geronimo.specs/geronimo-jsp_2.1_spec/1.0.1</bundle>
        <bundle dependency='true'>mvn:org.apache.geronimo.specs/geronimo-el_2.2_spec/1.0.3</bundle>
        <bundle dependency='true'>mvn:org.mortbay.jetty/jetty/6.1.26</bundle>
        <bundle dependency='true'>mvn:org.mortbay.jetty/jetty-util/6.1.26</bundle>
        <bundle dependency='true'>mvn:com.sun.jersey/jersey-core/1.10</bundle>
        <bundle dependency='true'>mvn:com.sun.jersey/jersey-server/1.10</bundle>
        <bundle dependency='true'>mvn:com.sun.jersey/jersey-servlet/1.10</bundle>
        <bundle dependency='true'>mvn:org.apache.servicemix.bundles/org.apache.servicemix.bundles.jasper/6.0.36_1</bundle>
        <bundle dependency='true'>wrap:mvn:org.apache.tomcat/jasper-el/6.0.20</bundle>
        <bundle dependency='true'>wrap:mvn:tomcat/commons-el/5.5.23$Import-Package=*;resolution:=optional&amp;Export-Package=org.apache.commons.el*;-noimport:=true&amp;overwrite=merge</bundle>
        <bundle dependency='true'>mvn:org.codehaus.jackson/jackson-core-asl/1.9.12</bundle>
        <bundle dependency='true'>mvn:org.codehaus.jackson/jackson-mapper-asl/1.9.12</bundle>
        <bundle dependency='true'>mvn:org.codehaus.jackson/jackson-jaxrs/1.9.12</bundle>
        <bundle>mvn:io.fabric8/fabric-hadoop/1.0.0.redhat-379</bundle>
    </feature>

    <feature name="bai" description="Fuse Business Activity Insight" version="1.0.0.redhat-379" resolver="(obr)">
        <feature version="[2.12,3)">camel</feature>
        <feature version="[2.12,3)">camel-blueprint</feature>
        <bundle>mvn:io.fabric8/common-util/1.0.0.redhat-379</bundle>
        <bundle>mvn:org.fusesource.bai/bai-core/1.0.0.redhat-379</bundle>
        <bundle>mvn:org.fusesource.bai/bai-agent/1.0.0.redhat-379</bundle>
    </feature>

    <feature name="bai-mongodb" description="Fuse Business Activity Insight :: MongoDb Backend" version="1.0.0.redhat-379" resolver="(obr)">
        <feature>bai</feature>
        <feature version="[2.12,3)">camel-xmljson</feature>
        <bundle>mvn:org.mongodb/mongo-java-driver/2.11.3</bundle>
        <bundle>mvn:org.fusesource.bai/bai-mongodb-backend/1.0.0.redhat-379</bundle>
<!--
        <bundle>mvn:org.apache.camel/camel-xmljson/2.12.0.redhat-610379</bundle>
-->
    </feature>

    <!-- Moved to sandbox
    <feature name="fmc-rest" version="1.0.0.redhat-379" resolver="(obr)">
        <feature>war</feature>
        <feature>fabric-core</feature>
        <feature>fabric-boot-commands</feature>
        <feature>fabric-jclouds</feature>
        <bundle>mvn:org.fusesource.fmc/fmc-rest/1.0.0.redhat-379/war</bundle>
    </feature>

    <feature name="fabric-webui" version="1.0.0.redhat-379" resolver="(obr)">
        <feature>war</feature>
        <feature>fmc-rest</feature>
        <bundle>mvn:org.fusesource.fmc/fmc-webui/1.0.0.redhat-379/war</bundle>
    </feature>
    -->

    <feature name="fabric-ldap-apacheds" version="1.0.0.redhat-379" resolver="(obr)">
        <configfile finalname="/data/ldap/default/fabric.ldif">mvn:io.fabric8/fabric-ldap/1.0.0.redhat-379/ldif/default</configfile>
        <configfile finalname="/etc/fabric-ldap-apacheds-1.0.0.redhat-379.xml">mvn:io.fabric8/fabric-ldap/1.0.0.redhat-379/xml/apacheds</configfile>
        <bundle>mvn:org.apache.servicemix.bundles/org.apache.servicemix.bundles.bcprov-jdk16/1.46_3</bundle>
        <bundle>mvn:org.apache.servicemix.bundles/org.apache.servicemix.bundles.antlr/2.7.7_5</bundle>
        <bundle>mvn:org.apache.servicemix.bundles/org.apache.servicemix.bundles.commons-lang/2.4_4</bundle>
        <bundle>mvn:org.apache.servicemix.bundles/org.apache.servicemix.bundles.commons-collections/3.2.1_1</bundle>
        <bundle>mvn:org.apache.servicemix.specs/org.apache.servicemix.specs.scripting-api-1.0/2.3.0.redhat-610379</bundle>
        <bundle>mvn:org.apache.commons/commons-jexl/2.0.1</bundle>
        <bundle>mvn:org.apache.xbean/xbean-blueprint/3.15</bundle>
        <bundle>mvn:io.fabric8/fabric-ldap/1.0.0.redhat-379</bundle>
        <bundle>blueprint:file:etc/fabric-ldap-apacheds-1.0.0.redhat-379.xml</bundle>
    </feature>

    <feature name="fabric-ldap-jaas" version="1.0.0.redhat-379" resolver="(obr)">
        <configfile finalname="/etc/fabric-ldap-jaas-1.0.0.redhat-379.xml">mvn:io.fabric8/fabric-ldap/1.0.0.redhat-379/xml/jaas</configfile>
        <bundle>blueprint:file:etc/fabric-ldap-jaas-1.0.0.redhat-379.xml</bundle>
    </feature>

    <feature name="fabric-git" version="1.0.0.redhat-379">
        <bundle>mvn:io.fabric8/fabric-api/1.0.0.redhat-379</bundle>
        <feature version="1.0.0.redhat-379">fabric-groups</feature>
        <bundle dependency="true">mvn:org.apache.servicemix.bundles/org.apache.servicemix.bundles.jsch/0.1.49_1</bundle>
        <bundle>mvn:io.fabric8/fabric-git/1.0.0.redhat-379</bundle>
    </feature>

    <feature name="fabric-git-server" version="1.0.0.redhat-379" resolver="(obr)">
        <feature version="2.3.0.redhat-610379">http</feature>
        <feature version="1.0.0.redhat-379">fabric-git</feature>
        <bundle>mvn:io.fabric8/fabric-git-server/1.0.0.redhat-379</bundle>
    </feature>

    <feature name="fabric-redirect" version="1.0.0.redhat-379" resolver="(obr)">
      <bundle>mvn:io.fabric8/fabric-redirect/1.0.0.redhat-379</bundle>
    </feature>

    <feature name="fabric-hawtio" version="1.0.0.redhat-379" resolver="(obr)">
        <feature version="1.0.0.redhat-379">fabric-git</feature>
        <feature version="1.0.0.redhat-379">fabric-project-deployer</feature>
        <feature version="1.2-redhat-379">hawtio-karaf-terminal</feature>
        <feature version="1.2-redhat-379">hawtio-core</feature>
        <feature version="2.3.0.redhat-610379">http</feature>
        <bundle>mvn:io.fabric8/fabric-git-hawtio/1.0.0.redhat-379</bundle>
    </feature>

    <feature name="fabric-hawtio-swagger" version="1.0.0.redhat-379" resolver="(obr)">
        <feature version="1.0.0.redhat-379">fabric-hawtio</feature>
        <bundle>mvn:io.hawt.swagger/hawtio-swagger-ui/1.0.2/war</bundle>
    </feature>

    <feature name="fabric-partition" version="1.0.0.redhat-379" resolver="(obr)">
        <feature version="1.0.0.redhat-379">fabric-groups</feature>
        <bundle dependency="true">mvn:org.mvel/mvel2/2.1.7.Final</bundle>
        <bundle>mvn:io.fabric8/fabric-partition/1.0.0.redhat-379</bundle>
    </feature>

    <feature name="fabric-dynamic-jaxb" version="1.0.0.redhat-379" resolver="(obr)">
        <feature version="[2.4,3.0)">cxf-core</feature>
        <feature version="[2.12,3)">camel-jaxb</feature>
        <feature version="1.0.0.redhat-379">fabric-core</feature>
        <bundle>mvn:io.fabric8/common-util/1.0.0.redhat-379</bundle>
        <bundle>mvn:io.fabric8/fabric-dynamic-jaxb/1.0.0.redhat-379</bundle>
        <bundle>mvn:io.fabric8/dynamic-jaxb/1.0.0.redhat-379</bundle>
        <bundle>mvn:com.google.guava/guava/15.0</bundle>
    </feature>

    <feature name="fabric-openshift" version="1.0.0.redhat-379" resolver="(obr)">
        <feature version="1.0.0.redhat-379">fabric-core</feature>
        <bundle>mvn:io.fabric8/common-util/1.0.0.redhat-379</bundle>
        <bundle>mvn:io.fabric8/fabric-openshift/1.0.0.redhat-379</bundle>
    </feature>

    <feature name="fabric-autoscale" version="1.0.0.redhat-379" resolver="(obr)">
        <feature version="1.0.0.redhat-379">fabric-core</feature>
        <bundle>mvn:io.fabric8/common-util/1.0.0.redhat-379</bundle>
        <bundle>mvn:io.fabric8/fabric-autoscale/1.0.0.redhat-379</bundle>
    </feature>

    <feature name="fabric-docker-api" version="1.0.0.redhat-379" resolver="(obr)">
<!--
        CXF 3 version of JAXRS 2.0 client for fabric-docker-api
        <feature version="[3.0,4.0)">cxf-specs</feature>
        <feature version="[3.0,4.0)">cxf-jaxrs</feature>
        <bundle>mvn:javax.ws.rs/javax.ws.rs-api/2.0</bundle>
-->
        <bundle>mvn:io.fabric8/fabric-docker-api/1.0.0.redhat-379</bundle>
        <bundle>mvn:com.fasterxml.jackson.core/jackson-annotations/2.3.0</bundle>
        <bundle>mvn:com.fasterxml.jackson.core/jackson-core/2.3.1</bundle>
        <bundle>mvn:com.fasterxml.jackson.core/jackson-databind/2.3.1</bundle>
        <bundle>mvn:com.fasterxml.jackson.module/jackson-module-jaxb-annotations/2.3.1</bundle>
<!--
        CXF 3 version
        <bundle>mvn:com.fasterxml.jackson.jaxrs/jackson-jaxrs-json-provider/2.3.1</bundle>
        <bundle>mvn:com.fasterxml.jackson.jaxrs/jackson-jaxrs-base/2.3.1</bundle>
-->
        <bundle>mvn:javax.validation/validation-api/1.1.0.Final</bundle>
    </feature>

    <feature name="fabric-docker-provider" version="1.0.0.redhat-379" resolver="(obr)">
        <feature version="1.0.0.redhat-379">fabric-core</feature>
        <feature version="1.0.0.redhat-379">fabric-docker-api</feature>
        <bundle>mvn:io.fabric8/common-util/1.0.0.redhat-379</bundle>
        <bundle>mvn:io.fabric8/fabric-docker-provider/1.0.0.redhat-379</bundle>
    </feature>

    <feature name="jolokia" version="1.0.0.redhat-379" resolver="(obr)">
     <feature version="2.3.0.redhat-610379">http</feature>
        <bundle>mvn:io.fabric8/fabric-jolokia/1.0.0.redhat-379</bundle>
    </feature>

    <feature name="gateway-core" version="1.0.0.redhat-379" resolver="(obr)">
        <bundle>mvn:io.fabric8/common-util/1.0.0.redhat-379</bundle>
        <bundle>mvn:io.fabric8/gateway-core/1.0.0.redhat-379</bundle>
<!--
        we embed it for now since its not a bundle
        <bundle>mvn:io.vertx/vertx-core/2.0.2-final</bundle>
-->
      <bundle dependency="true">mvn:com.fasterxml.jackson.core/jackson-annotations/2.3.0</bundle>
      <bundle dependency="true">mvn:com.fasterxml.jackson.core/jackson-core/2.3.1</bundle>
      <bundle dependency="true">mvn:com.fasterxml.jackson.core/jackson-databind/2.3.1</bundle>
    </feature>

    <feature name="gateway-fabric" version="1.0.0.redhat-379" resolver="(obr)">
        <feature version="1.0.0.redhat-379">fabric-core</feature>
        <feature version="1.0.0.redhat-379">fabric-groups</feature>
        <feature version="1.0.0.redhat-379">gateway-core</feature>
        <bundle>mvn:io.fabric8/gateway-fabric-support/1.0.0.redhat-379</bundle>
        <bundle>mvn:io.fabric8/gateway-fabric/1.0.0.redhat-379</bundle>
    </feature>

    <feature name="gateway-haproxy" version="1.0.0.redhat-379" resolver="(obr)">
        <feature version="1.0.0.redhat-379">fabric-core</feature>
        <feature version="1.0.0.redhat-379">fabric-groups</feature>
        <feature version="1.0.0.redhat-379">gateway-core</feature>
        <bundle dependency="true">mvn:org.mvel/mvel2/2.1.7.Final</bundle>
        <bundle>mvn:io.fabric8/gateway-fabric-support/1.0.0.redhat-379</bundle>
        <bundle>mvn:io.fabric8/gateway-fabric-haproxy/1.0.0.redhat-379</bundle>
    </feature>

    <feature name="swagger" version="1.0.0.redhat-379" resolver="(obr)">
        <feature version="[2.4,3.0)">cxf-specs</feature>
        <bundle dependency='true'>mvn:org.scala-lang/scala-library/2.10.2</bundle>
        <bundle>mvn:org.apache.servicemix.bundles/org.apache.servicemix.bundles.javassist/3.12.1.GA_3</bundle>
        <bundle>mvn:org.apache.servicemix.bundles/org.apache.servicemix.bundles.jackson-module-scala/2.1.5_2</bundle>
        <bundle>mvn:javax.validation/validation-api/1.1.0.Final</bundle>
        <bundle>mvn:com.fasterxml.jackson.core/jackson-core/2.3.1</bundle>
        <bundle>mvn:com.fasterxml.jackson.core/jackson-annotations/2.3.0</bundle>
        <bundle>mvn:com.fasterxml.jackson.core/jackson-databind/2.3.1</bundle>
        <bundle>mvn:com.fasterxml.jackson.jaxrs/jackson-jaxrs-base/2.3.1</bundle>
        <bundle>mvn:com.fasterxml.jackson.jaxrs/jackson-jaxrs-json-provider/2.3.1</bundle>
        <bundle>mvn:com.fasterxml.jackson.module/jackson-module-jaxb-annotations/2.3.1</bundle>
        <bundle>mvn:org.apache.servicemix.bundles/org.apache.servicemix.bundles.swagger-annotations/1.3.2_1</bundle>
        <bundle>mvn:org.apache.servicemix.bundles/org.apache.servicemix.bundles.swagger-core/1.3.2_1</bundle>
        <bundle>mvn:org.apache.servicemix.bundles/org.apache.servicemix.bundles.swagger-jaxrs/1.3.2_1</bundle>
        <bundle>mvn:org.apache.servicemix.bundles/org.apache.servicemix.bundles.reflections/0.9.8_1</bundle>
        <bundle>mvn:org.apache.servicemix.bundles/org.apache.servicemix.bundles.json4s/3.2.4_1</bundle>

    </feature>

</features>
