<!--
  Copyright (C) Red Hat, Inc.
  http://redhat.com

  Licensed under the Apache License, Version 2.0 (the "License");
  you may not use this file except in compliance with the License.
  You may obtain a copy of the License at

     http://www.apache.org/licenses/LICENSE-2.0

  Unless required by applicable law or agreed to in writing, software
  distributed under the License is distributed on an "AS IS" BASIS,
  WITHOUT WARRANTIES OR CONDITIONS OF ANY KIND, either express or implied.
  See the License for the specific language governing permissions and
  limitations under the License.
  -->
<beans
  xmlns="http://www.springframework.org/schema/beans"
  xmlns:amq="http://activemq.apache.org/schema/core"
  xmlns:xsi="http://www.w3.org/2001/XMLSchema-instance"
  xsi:schemaLocation="http://www.springframework.org/schema/beans http://www.springframework.org/schema/beans/spring-beans.xsd
  http://activemq.apache.org/schema/core http://activemq.apache.org/schema/core/activemq-core.xsd">

    <!-- Allows us to use system properties and fabric as variables in this configuration file -->
    <bean class="org.springframework.beans.factory.config.PropertyPlaceholderConfigurer">
        <property name="properties">
            <bean class="org.fusesource.mq.fabric.ConfigurationProperties"/>
        </property>
    </bean>

    <broker xmlns="http://activemq.apache.org/schema/core" brokerName="${broker-name}" dataDirectory="${data}" start="false" restartAllowed="false">

        <destinationPolicy>
            <policyMap>
              <policyEntries>
                <policyEntry topic=">" producerFlowControl="true">
                  <pendingMessageLimitStrategy>
                    <constantPendingMessageLimitStrategy limit="1000"/>
                  </pendingMessageLimitStrategy>
                </policyEntry>
                <policyEntry queue=">" producerFlowControl="true" memoryLimit="1mb">
                </policyEntry>
              </policyEntries>
            </policyMap>
        </destinationPolicy>

        <managementContext>
            <managementContext createConnector="false"/>
        </managementContext>

        <persistenceAdapter>
            <kahaDB directory="${data}/kahadb"/>
        </persistenceAdapter>

        <plugins>
            <jaasAuthenticationPlugin configuration="karaf" />
        </plugins>

        <systemUsage>
            <systemUsage>
                <memoryUsage>
                    <memoryUsage limit="64 mb"/>
                </memoryUsage>
                <storeUsage>
                    <storeUsage limit="100 gb"/>
                </storeUsage>
                <tempUsage>
                    <tempUsage limit="50 gb"/>
                </tempUsage>
            </systemUsage>
        </systemUsage>

        <transportConnectors>
            <transportConnector name="openwire" uri="tcp://0.0.0.0:0"/>
        </transportConnectors>
    </broker>

</beans>