<?xml version="1.0" encoding="UTF-8"?>
<!--
  Copyright (C) FuseSource, Inc.
  http://fusesource.com

  Licensed under the Apache License, Version 2.0 (the "License");
  you may not use this file except in compliance with the License.
  You may obtain a copy of the License at

     http://www.apache.org/licenses/LICENSE-2.0

  Unless required by applicable law or agreed to in writing, software
  distributed under the License is distributed on an "AS IS" BASIS,
  WITHOUT WARRANTIES OR CONDITIONS OF ANY KIND, either express or implied.
  See the License for the specific language governing permissions and
  limitations under the License.
  -->
<blueprint xmlns="http://www.osgi.org/xmlns/blueprint/v1.0.0"
           xmlns:xsi="http://www.w3.org/2001/XMLSchema-instance"
           xmlns:cm="http://aries.apache.org/blueprint/xmlns/blueprint-cm/v1.0.0"
           xsi:schemaLocation="
           http://www.osgi.org/xmlns/blueprint/v1.0.0 http://www.osgi.org/xmlns/blueprint/v1.0.0/blueprint.xsd">

    <!-- osgi blueprint property placeholder -->
    <cm:property-placeholder id="myConfig" persistent-id="io.fabric8.examples.camel.loadbalancing.server"/>

    <reference id="curator" interface="org.apache.curator.framework.CuratorFramework"/>

    <bean id="fabric-camel" class="io.fabric8.camel.FabricComponent">
        <property name="curator" ref="curator"/>
    </bean>

    <camelContext id="camel" trace="false" xmlns="http://camel.apache.org/schema/blueprint">
        <!-- using Camel properties component and refer to the blueprint property placeholder by its id -->
        <propertyPlaceholder id="properties" location="blueprint:myConfig"
                             prefixToken="[[" suffixToken="]]"/>

        <route id="fabric-server">
            <from uri="fabric-camel:cluster:jetty:http://0.0.0.0:[[port]]/fabric"/>
            <log message="Request received : ${body}"/>
            <setHeader headerName="karaf.name">
                <simple>${sys.karaf.name}</simple>
            </setHeader>
            <transform>
                <simple>Response from Fabric Container</simple>
            </transform>
        </route>
    </camelContext>

    <reference interface="org.apache.camel.spi.ComponentResolver" filter="(component=jetty)"/>

</blueprint>