<?xml version='1.0' encoding='UTF-8'?>
<features name='hawtio-1.2-redhat-379'>

  <feature name="hawtio-core" version="1.2-redhat-379" resolver="(obr)">
    <details>Installs the core hawtio war file with minimal extensions</details>
    <feature>war</feature>
    <bundle>mvn:io.hawt/hawtio-json-schema-mbean/1.2-redhat-379</bundle>
    <bundle>mvn:io.hawt/hawtio-osgi-jmx/1.2-redhat-379</bundle>
    <bundle>mvn:io.hawt/hawtio-web/1.2-redhat-379/war</bundle>
  </feature>

  <feature name="hawtio" version="1.2-redhat-379" resolver="(obr)">
    <details>Installs the main hawtio war file, an MBean helper for OSGi and an MBean helper to get JSON Schema out of Java objects</details>
    <feature>hawtio-core</feature>
    <feature>hawtio-karaf-terminal</feature>
    <feature>hawtio-maven-indexer</feature>
  </feature>

  <feature name="hawtio-offline" version="1.2-redhat-379" resolver="(obr)">
    <details>Installs hawtio in offline mode (without Maven service which requires internet connection)</details>
    <feature>hawtio-core</feature>
    <feature>hawtio-karaf-terminal</feature>
  </feature>

  <feature name="hawtio-maven-indexer" version="1.2-redhat-379" resolver="(obr)">
    <details>Installs the hawtio Maven indexer service as a separate bundle</details>
    <bundle>mvn:io.hawt/hawtio-maven-indexer/1.2-redhat-379</bundle>
  </feature>

  <feature name="hawtio-git" version="1.2-redhat-379" resolver="(obr)">
    <details>Installs the hawtio git service as a separate bundle</details>

    <config>
      hawtio.config.dir=./git
      hawtio.config.repo=https://github.com/hawtio/hawtio-config.git
      hawtio.config.pullOnStartup=true
      hawtio.config.cloneOnStartup=true
    </config>

    <bundle>mvn:io.hawt/hawtio-git/1.2-redhat-379</bundle>
  </feature>

  <feature name="hawtio-dev-mode" version="1.2-redhat-379" resolver="(obr)">
    <details>Adds the hawtio plugin registry and configures the /hawtio-dev context to be served out from the hawtio-web target directory allowing easy development of hawtio while it's running in a real osgi container.  Install jolokia if it's not installed.  Also add org.jolokia.agentContext=/hawtio/jolokia to etc/system.properties so jolokia is installed at the right context</details>


    <config name="hawtiodev-hawtioweb">
      context=/hawtio-dev/*
      content=/maven/build/hawtio/hawtio-karaf/../hawtio-web/target/hawtio-web-1.2-redhat-379
    </config>

    <feature>war</feature>
    <bundle>mvn:io.hawt/hawtio-osgi-devmode/1.2-redhat-379</bundle>

  </feature>

  <feature name="hawtio-plugin-example" version="1.2-redhat-379" resolver="(obr)">
    <details>A simple example plugin for hawtio</details>
    <feature>war</feature>
    <bundle>mvn:io.hawt/simple-plugin/1.2-redhat-379/war</bundle>
  </feature>

  <feature name="hawtio-irc-example" version="1.2-redhat-379" resolver="(obr)">
    <details>An example IRC client plugin for hawtio</details>
    <feature>war</feature>
    <bundle>mvn:io.hawt/irc-client-plugin/1.2-redhat-379/war</bundle>
  </feature>

  <feature name="hawtio-karaf-terminal" version="1.2-redhat-379" resolver="(obr)">
    <details>A terminal plugin for hawtio when installed in Karaf</details>
    <bundle>mvn:jline/jline/2.11</bundle>
    <bundle>mvn:io.hawt/hawtio-karaf-terminal/1.2-redhat-379/war</bundle>
  </feature>

</features>
